Model Name,Full Simulation File Name,Short Simulation File Name,Legacy Simulation File Name,Simulation Fidelity,Simulation Method,Simulation Condition,Results Type,Results File Type,Simulation Creator,Notes
0066_H_CORO_H,0066_H_CORO_H_3D_RIGID_VTP.zip,3D_RIGID_VTP,0002_0001_vtp.zip,3D,Rigid Wall,-,Time-Resolved,Surface (vtp),-,-
0066_H_CORO_H,0066_H_CORO_H_3D_RIGID_VTU.zip,3D_RIGID_VTU,0002_0001_vtu.zip,3D,Rigid Wall,-,Time-Resolved,Volume (vtu),-,-
0028_H_ABAO_H,0028_H_ABAO_H_3D_RIGID_VTP.zip,3D_RIGID_VTP,0003_0001_vtp.zip,3D,Rigid Wall,-,Time-Resolved,Surface (vtp),-,-
0028_H_ABAO_H,0028_H_ABAO_H_3D_RIGID_VTU.zip,3D_RIGID_VTU,0003_0001_vtu.zip,3D,Rigid Wall,-,Time-Resolved,Volume (vtu),-,-
0077_H_PULM_H,0077_H_PULM_H_3D_RIGID_VTP.zip,3D_RIGID_VTP,0005_1001_vtp.zip,3D,Rigid Wall,-,Time-Resolved,Surface (vtp),-,-
0077_H_PULM_H,0077_H_PULM_H_3D_RIGID_VTU.zip,3D_RIGID_VTU,0005_1001_vtu.zip,3D,Rigid Wall,-,Time-Resolved,Volume (vtu),-,-
0029_H_ABAO_H,0029_H_ABAO_H_3D_RIGID_VTP.zip,3D_RIGID_VTP,0006_0001_vtp.zip,3D,Rigid Wall,-,Time-Resolved,Surface (vtp),-,-
0029_H_ABAO_H,0029_H_ABAO_H_3D_RIGID_VTU.zip,3D_RIGID_VTU,0006_0001_vtu.zip,3D,Rigid Wall,-,Time-Resolved,Volume (vtu),-,-
0054_H_PULMFON_TAT,0054_H_PULMFON_TAT_3D_RIGID_VTP.zip,3D_RIGID_VTP,0063_0001_vtp.zip,3D,Rigid Wall,-,Time-Resolved,Surface (vtp),Alison Marsden,"Model of aorta on patients who have undergone the Fontan procedure without aortic reconstruction. \nSee \url(""http://www.doi.org/10.1111/j.1747-0803.2010.00383.x"", ""paper"") for more details."
0054_H_PULMFON_TAT,0054_H_PULMFON_TAT_3D_RIGID_VTU.zip,3D_RIGID_VTU,0063_0001_vtu.zip,3D,Rigid Wall,-,Time-Resolved,Volume (vtu),Alison Marsden,"Model of aorta on patients who have undergone the Fontan procedure without aortic reconstruction. \nSee \url(""http://www.doi.org/10.1111/j.1747-0803.2010.00383.x"", ""paper"") for more details."
0001_H_AO_SVD,0001_H_AO_SVD_3D_RIGID_VTP.zip,3D_RIGID_VTP,0063_1001_vtp.zip,3D,Rigid Wall,-,Time-Resolved,Surface (vtp),Alison Marsden,
0001_H_AO_SVD,0001_H_AO_SVD_3D_RIGID_VTU.zip,3D_RIGID_VTU,0063_1001_vtu.zip,3D,Rigid Wall,-,Time-Resolved,Volume (vtu),Alison Marsden,-
0055_H_PULMFON_HLHS,0055_H_PULMFON_HLHS_3D_RIGID_VTP.zip,3D_RIGID_VTP,0064_0001_vtp.zip,3D,Rigid Wall,-,Time-Resolved,Surface (vtp),Alison Marsden,-
0055_H_PULMFON_HLHS,0055_H_PULMFON_HLHS_3D_RIGID_VTU.zip,3D_RIGID_VTU,0064_0001_vtu.zip,3D,Rigid Wall,-,Time-Resolved,Volume (vtu),Alison Marsden,-
0002_H_AO_SVD,0002_H_AO_SVD_3D_RIGID_VTP.zip,3D_RIGID_VTP,0064_1001_vtp.zip,3D,Rigid Wall,-,Time-Resolved,Surface (vtp),Alison Marsden,-
0002_H_AO_SVD,0002_H_AO_SVD_3D_RIGID_VTU.zip,3D_RIGID_VTU,0064_1001_vtu.zip,3D,Rigid Wall,-,Time-Resolved,Volume (vtu),Alison Marsden,-
0056_H_PULMFON_TAT,0056_H_PULMFON_TAT_3D_RIGID_VTP.zip,3D_RIGID_VTP,0065_0001_vtp.zip,3D,Rigid Wall,-,Time-Resolved,Surface (vtp),Alison Marsden,-
0056_H_PULMFON_TAT,0056_H_PULMFON_TAT_3D_RIGID_VTU.zip,3D_RIGID_VTU,0065_0001_vtu.zip,3D,Rigid Wall,-,Time-Resolved,Volume (vtu),Alison Marsden,-
0003_H_AO_SVD,0003_H_AO_SVD_3D_RIGID_VTP.zip,3D_RIGID_VTP,0065_1001_vtp.zip,3D,Rigid Wall,-,Time-Resolved,Surface (vtp),Alison Marsden,-
0003_H_AO_SVD,0003_H_AO_SVD_3D_RIGID_VTU.zip,3D_RIGID_VTU,0065_1001_vtu.zip,3D,Rigid Wall,-,Time-Resolved,Volume (vtu),Alison Marsden,-
0093_A_AO_H,0093_A_AO_H_3D_RIGID_VTP.zip,3D_RIGID_VTP,0066_0001_vtp.zip,3D,Rigid Wall,-,Time-Resolved,Surface (vtp),Arjun Menon,-
0093_A_AO_H,0093_A_AO_H_3D_RIGID_VTU.zip,3D_RIGID_VTU,0066_0001_vtu.zip,3D,Rigid Wall,-,Time-Resolved,Volume (vtu),Arjun Menon,-
0094_A_AO_H,0094_A_AO_H_3D_RIGID_VTP.zip,3D_RIGID_VTP,0067_0001_vtp.zip,3D,Rigid Wall,-,Time-Resolved,Surface (vtp),Arjun Menon,-
0094_A_AO_H,0094_A_AO_H_3D_RIGID_VTU.zip,3D_RIGID_VTU,0067_0001_vtu.zip,3D,Rigid Wall,-,Time-Resolved,Volume (vtu),Arjun Menon,-
0096_A_AO_COA,0096_A_AO_COA_3D_RIGID_VTP.zip,3D_RIGID_VTP,0069_0001_vtp.zip,3D,Rigid Wall,-,Time-Resolved,Surface (vtp),Arjun Menon,-
0096_A_AO_COA,0096_A_AO_COA_3D_RIGID_VTU.zip,3D_RIGID_VTU,0069_0001_vtu.zip,3D,Rigid Wall,-,Time-Resolved,Volume (vtu),Arjun Menon,-
0097_A_AO_COA,0097_A_AO_COA_3D_RIGID_VTP.zip,3D_RIGID_VTP,0070_0001_vtp.zip,3D,Rigid Wall,-,Time-Resolved,Surface (vtp),Arjun Menon,-
0097_A_AO_COA,0097_A_AO_COA_3D_RIGID_VTU.zip,3D_RIGID_VTU,0070_0001_vtu.zip,3D,Rigid Wall,-,Time-Resolved,Volume (vtu),Arjun Menon,-
0098_A_AO_COA,0098_A_AO_COA_3D_RIGID_VTP.zip,3D_RIGID_VTP,0071_0001_vtp.zip,3D,Rigid Wall,-,Time-Resolved,Surface (vtp),Arjun Menon,-
0098_A_AO_COA,0098_A_AO_COA_3D_RIGID_VTU.zip,3D_RIGID_VTU,0071_0001_vtu.zip,3D,Rigid Wall,-,Time-Resolved,Volume (vtu),Arjun Menon,-
0099_A_AO_COA,0099_A_AO_COA_3D_RIGID_VTP.zip,3D_RIGID_VTP,0072_0001_vtp.zip,3D,Rigid Wall,-,Time-Resolved,Surface (vtp),Arjun Menon,-
0099_A_AO_COA,0099_A_AO_COA_3D_RIGID_VTU.zip,3D_RIGID_VTU,0072_0001_vtu.zip,3D,Rigid Wall,-,Time-Resolved,Volume (vtu),Arjun Menon,-
0100_A_AO_COA,0100_A_AO_COA_3D_RIGID_VTP.zip,3D_RIGID_VTP,0073_0001_vtp.zip,3D,Rigid Wall,-,Time-Resolved,Surface (vtp),Arjun Menon,-
0100_A_AO_COA,0100_A_AO_COA_3D_RIGID_VTU.zip,3D_RIGID_VTU,0073_0001_vtu.zip,3D,Rigid Wall,-,Time-Resolved,Volume (vtu),Arjun Menon,-
0101_A_AO_COA,0101_A_AO_COA_3D_RIGID_VTP.zip,3D_RIGID_VTP,0074_0001_vtp.zip,3D,Rigid Wall,-,Time-Resolved,Surface (vtp),Arjun Menon,-
0101_A_AO_COA,0101_A_AO_COA_3D_RIGID_VTU.zip,3D_RIGID_VTU,0074_0001_vtu.zip,3D,Rigid Wall,-,Time-Resolved,Volume (vtu),Arjun Menon,-
0057_H_PULMFON_TAT,0057_H_PULMFON_TAT_3D_RIGID_VTP.zip,3D_RIGID_VTP,0075_0001_vtp.zip,3D,Rigid Wall,-,Time-Resolved,Surface (vtp),Alison Marsden,-
0057_H_PULMFON_TAT,0057_H_PULMFON_TAT_3D_RIGID_VTU.zip,3D_RIGID_VTU,0075_0001_vtu.zip,3D,Rigid Wall,-,Time-Resolved,Volume (vtu),Alison Marsden,-
0004_H_AO_SVD,0004_H_AO_SVD_3D_RIGID_VTP.zip,3D_RIGID_VTP,0075_1001_vtp.zip,3D,Rigid Wall,-,Time-Resolved,Surface (vtp),Alison Marsden,-
0004_H_AO_SVD,0004_H_AO_SVD_3D_RIGID_VTU.zip,3D_RIGID_VTU,0075_1001_vtu.zip,3D,Rigid Wall,-,Time-Resolved,Volume (vtu),Alison Marsden,-
0058_H_PULMFON_PAT,0058_H_PULMFON_PAT_3D_RIGID_VTP.zip,3D_RIGID_VTP,0076_0001_vtp.zip,3D,Rigid Wall,-,Time-Resolved,Surface (vtp),Alison Marsden,-
0058_H_PULMFON_PAT,0058_H_PULMFON_PAT_3D_RIGID_VTU.zip,3D_RIGID_VTU,0076_0001_vtu.zip,3D,Rigid Wall,-,Time-Resolved,Volume (vtu),Alison Marsden,-
0005_H_AO_SVD,0005_H_AO_SVD_3D_RIGID_VTP.zip,3D_RIGID_VTP,0076_1001_vtp.zip,3D,Rigid Wall,-,Time-Resolved,Surface (vtp),Alison Marsden,-
0005_H_AO_SVD,0005_H_AO_SVD_3D_RIGID_VTU.zip,3D_RIGID_VTU,0076_1001_vtu.zip,3D,Rigid Wall,-,Time-Resolved,Volume (vtu),Alison Marsden,-
0059_H_PULMFON_TAT,0059_H_PULMFON_TAT_3D_RIGID_VTP.zip,3D_RIGID_VTP,0077_0001_vtp.zip,3D,Rigid Wall,-,Time-Resolved,Surface (vtp),Alison Marsden,-
0059_H_PULMFON_TAT,0059_H_PULMFON_TAT_3D_RIGID_VTU.zip,3D_RIGID_VTU,0077_0001_vtu.zip,3D,Rigid Wall,-,Time-Resolved,Volume (vtu),Alison Marsden,-
0006_H_AO_SVD,0006_H_AO_SVD_3D_RIGID_VTP.zip,3D_RIGID_VTP,0077_1001_vtp.zip,3D,Rigid Wall,-,Time-Resolved,Surface (vtp),Alison Marsden,-
0006_H_AO_SVD,0006_H_AO_SVD_3D_RIGID_VTU.zip,3D_RIGID_VTU,0077_1001_vtu.zip,3D,Rigid Wall,-,Time-Resolved,Volume (vtu),Alison Marsden,-
0050_H_CERE_H,0050_H_CERE_H_3D_RIGID_VTP.zip,3D_RIGID_VTP,0078_0001_vtp.zip,3D,Rigid Wall,-,Time-Resolved,Surface (vtp),Matthew Bockman,-
0050_H_CERE_H,0050_H_CERE_H_3D_RIGID_VTU.zip,3D_RIGID_VTU,0078_0001_vtu.zip,3D,Rigid Wall,-,Time-Resolved,Volume (vtu),Matthew Bockman,-
0051_H_CERE_H,0051_H_CERE_H_3D_RIGID_VTP.zip,3D_RIGID_VTP,0079_0001_vtp.zip,3D,Rigid Wall,-,Time-Resolved,Surface (vtp),Matthew Bockman,-
0051_H_CERE_H,0051_H_CERE_H_3D_RIGID_VTU.zip,3D_RIGID_VTU,0079_0001_vtu.zip,3D,Rigid Wall,-,Time-Resolved,Volume (vtu),Matthew Bockman,-
0078_H_PULM_H,0078_H_PULM_H_3D_RIGID_VTP.zip,3D_RIGID_VTP,0080_0001_vtp.zip,3D,Rigid Wall,-,Time-Resolved,Surface (vtp),Beverly Tang,-
0078_H_PULM_H,0078_H_PULM_H_3D_RIGID_VTU.zip,3D_RIGID_VTU,0080_0001_vtu.zip,3D,Rigid Wall,-,Time-Resolved,Volume (vtu),Beverly Tang,-
0079_H_PULM_H,0079_H_PULM_H_3D_RIGID_VTP.zip,3D_RIGID_VTP,0081_0001_vtp.zip,3D,Rigid Wall,-,Time-Resolved,Surface (vtp),Beverly Tang,-
0079_H_PULM_H,0079_H_PULM_H_3D_RIGID_VTU.zip,3D_RIGID_VTU,0081_0001_vtu.zip,3D,Rigid Wall,-,Time-Resolved,Volume (vtu),Beverly Tang,-
0080_H_PULM_H,0080_H_PULM_H_3D_RIGID_VTP.zip,3D_RIGID_VTP,0082_0001_vtp.zip,3D,Rigid Wall,-,Time-Resolved,Surface (vtp),Beverly Tang,-
0080_H_PULM_H,0080_H_PULM_H_3D_RIGID_VTU.zip,3D_RIGID_VTU,0082_0001_vtu.zip,3D,Rigid Wall,-,Time-Resolved,Volume (vtu),Beverly Tang,-
0081_H_PULM_PAH,0081_H_PULM_PAH_3D_RIGID_VTP.zip,3D_RIGID_VTP,0083_2002_vtp.zip,3D,Rigid Wall,-,Time-Resolved,Surface (vtp),-,-
0081_H_PULM_PAH,0081_H_PULM_PAH_3D_RIGID_VTU.zip,3D_RIGID_VTU,0083_2002_vtu.zip,3D,Rigid Wall,-,Time-Resolved,Volume (vtu),-,-
0082_H_PULM_H,0082_H_PULM_H_3D_RIGID_VTP.zip,3D_RIGID_VTP,0084_0001_vtp.zip,3D,Rigid Wall,-,Time-Resolved,Surface (vtp),Beverly Tang,-
0082_H_PULM_H,0082_H_PULM_H_3D_RIGID_VTU.zip,3D_RIGID_VTU,0084_0001_vtu.zip,3D,Rigid Wall,-,Time-Resolved,Volume (vtu),Beverly Tang,-
0083_H_PULM_PAH,0083_H_PULM_PAH_3D_RIGID_VTP.zip,3D_RIGID_VTP,0085_1001_vtp.zip,3D,Rigid Wall,-,Time-Resolved,Surface (vtp),Beverly Tang,-
0083_H_PULM_PAH,0083_H_PULM_PAH_3D_RIGID_VTU.zip,3D_RIGID_VTU,0085_1001_vtu.zip,3D,Rigid Wall,-,Time-Resolved,Volume (vtu),Beverly Tang,-
0084_H_PULM_H,0084_H_PULM_H_3D_RIGID_VTP.zip,3D_RIGID_VTP,0086_0001_vtp.zip,3D,Rigid Wall,-,Time-Resolved,Surface (vtp),Beverly Tang,-
0084_H_PULM_H,0084_H_PULM_H_3D_RIGID_VTU.zip,3D_RIGID_VTU,0086_0001_vtu.zip,3D,Rigid Wall,-,Time-Resolved,Volume (vtu),Beverly Tang,-
0085_H_PULM_PAH,0085_H_PULM_PAH_3D_RIGID_VTP.zip,3D_RIGID_VTP,0087_1001_vtp.zip,3D,Rigid Wall,-,Time-Resolved,Surface (vtp),Beverly Tang,-
0085_H_PULM_PAH,0085_H_PULM_PAH_3D_RIGID_VTU.zip,3D_RIGID_VTU,0087_1001_vtu.zip,3D,Rigid Wall,-,Time-Resolved,Volume (vtu),Beverly Tang,-
0086_H_PULM_PAH,0086_H_PULM_PAH_3D_RIGID_VTP.zip,3D_RIGID_VTP,0088_1001_vtp.zip,3D,Rigid Wall,-,Time-Resolved,Surface (vtp),Beverly Tang,-
0086_H_PULM_PAH,0086_H_PULM_PAH_3D_RIGID_VTU.zip,3D_RIGID_VTU,0088_1001_vtu.zip,3D,Rigid Wall,-,Time-Resolved,Volume (vtu),Beverly Tang,-
0087_H_PULM_PAH,0087_H_PULM_PAH_3D_RIGID_VTP.zip,3D_RIGID_VTP,0089_1001_vtp.zip,3D,Rigid Wall,-,Time-Resolved,Surface (vtp),Beverly Tang,-
0087_H_PULM_PAH,0087_H_PULM_PAH_3D_RIGID_VTU.zip,3D_RIGID_VTU,0089_1001_vtu.zip,3D,Rigid Wall,-,Time-Resolved,Volume (vtu),Beverly Tang,-
0007_H_AO_H,0007_H_AO_H_3D_RIGID_VTP.zip,3D_RIGID_VTP,0090_0001_vtp.zip,3D,Rigid Wall,-,Time-Resolved,Surface (vtp),John F. LaDisa,-
0007_H_AO_H,0007_H_AO_H_3D_RIGID_VTU.zip,3D_RIGID_VTU,0090_0001_vtu.zip,3D,Rigid Wall,-,Time-Resolved,Volume (vtu),John F. LaDisa,-
0008_H_AO_H,0008_H_AO_H_3D_RIGID_VTP.zip,3D_RIGID_VTP,0091_0001_vtp.zip,3D,Rigid Wall,-,Time-Resolved,Surface (vtp),John F. LaDisa,-
0008_H_AO_H,0008_H_AO_H_3D_RIGID_VTU.zip,3D_RIGID_VTU,0091_0001_vtu.zip,3D,Rigid Wall,-,Time-Resolved,Volume (vtu),John F. LaDisa,-
0009_H_AO_H,0009_H_AO_H_3D_RIGID_VTP.zip,3D_RIGID_VTP,0092_0001_vtp.zip,3D,Rigid Wall,-,Time-Resolved,Surface (vtp),John F. LaDisa,-
0009_H_AO_H,0009_H_AO_H_3D_RIGID_VTU.zip,3D_RIGID_VTU,0092_0001_vtu.zip,3D,Rigid Wall,-,Time-Resolved,Volume (vtu),John F. LaDisa,-
0010_H_AO_H,0010_H_AO_H_3D_RIGID_VTP.zip,3D_RIGID_VTP,0093_0001_vtp.zip,3D,Rigid Wall,-,Time-Resolved,Surface (vtp),John F. LaDisa,-
0010_H_AO_H,0010_H_AO_H_3D_RIGID_VTU.zip,3D_RIGID_VTU,0093_0001_vtu.zip,3D,Rigid Wall,-,Time-Resolved,Volume (vtu),John F. LaDisa,-
0011_H_AO_H,0011_H_AO_H_3D_RIGID_VTP.zip,3D_RIGID_VTP,0094_0001_vtp.zip,3D,Rigid Wall,-,Time-Resolved,Surface (vtp),John F. LaDisa,-
0011_H_AO_H,0011_H_AO_H_3D_RIGID_VTU.zip,3D_RIGID_VTU,0094_0001_vtu.zip,3D,Rigid Wall,-,Time-Resolved,Volume (vtu),John F. LaDisa,-
0012_H_AO_H,0012_H_AO_H_3D_RIGID_VTP.zip,3D_RIGID_VTP,0095_0001_vtp.zip,3D,Rigid Wall,-,Time-Resolved,Surface (vtp),John F. LaDisa,-
0012_H_AO_H,0012_H_AO_H_3D_RIGID_VTU.zip,3D_RIGID_VTU,0095_0001_vtu.zip,3D,Rigid Wall,-,Time-Resolved,Volume (vtu),John F. LaDisa,-
0060_H_PULMGLN_SVD,0060_H_PULMGLN_SVD_3D_RIGID_VTP.zip,3D_RIGID_VTP,0096_0001_vtp.zip,3D,Rigid Wall,-,Time-Resolved,Surface (vtp),Guillaume Troianowski,-
0060_H_PULMGLN_SVD,0060_H_PULMGLN_SVD_3D_RIGID_VTU.zip,3D_RIGID_VTU,0096_0001_vtu.zip,3D,Rigid Wall,-,Time-Resolved,Volume (vtu),Guillaume Troianowski,-
0061_H_PULMGLN_SVD,0061_H_PULMGLN_SVD_3D_RIGID_VTP.zip,3D_RIGID_VTP,0097_0001_vtp.zip,3D,Rigid Wall,-,Time-Resolved,Surface (vtp),Guillaume Troianowski,-
0061_H_PULMGLN_SVD,0061_H_PULMGLN_SVD_3D_RIGID_VTU.zip,3D_RIGID_VTU,0097_0001_vtu.zip,3D,Rigid Wall,-,Time-Resolved,Volume (vtu),Guillaume Troianowski,-
0062_H_PULMGLN_SVD,0062_H_PULMGLN_SVD_3D_RIGID_VTP.zip,3D_RIGID_VTP,0098_0001_vtp.zip,3D,Rigid Wall,-,Time-Resolved,Surface (vtp),Guillaume Troianowski,-
0062_H_PULMGLN_SVD,0062_H_PULMGLN_SVD_3D_RIGID_VTU.zip,3D_RIGID_VTU,0098_0001_vtu.zip,3D,Rigid Wall,-,Time-Resolved,Volume (vtu),Guillaume Troianowski,-
0063_H_PULMGLN_SVD,0063_H_PULMGLN_SVD_3D_RIGID_VTP.zip,3D_RIGID_VTP,0099_0001_vtp.zip,3D,Rigid Wall,-,Time-Resolved,Surface (vtp),Guillaume Troianowski,-
0063_H_PULMGLN_SVD,0063_H_PULMGLN_SVD_3D_RIGID_VTU.zip,3D_RIGID_VTU,0099_0001_vtu.zip,3D,Rigid Wall,-,Time-Resolved,Volume (vtu),Guillaume Troianowski,-
0013_H_AO_COA,0013_H_AO_COA_3D_RIGID_VTP.zip,3D_RIGID_VTP,0101_0001_vtp.zip,3D,Rigid Wall,-,Time-Resolved,Surface (vtp),John F. LaDisa,-
0013_H_AO_COA,0013_H_AO_COA_3D_RIGID_VTU.zip,3D_RIGID_VTU,0101_0001_vtu.zip,3D,Rigid Wall,-,Time-Resolved,Volume (vtu),John F. LaDisa,-
0014_H_AO_COA,0014_H_AO_COA_3D_RIGID_VTP.zip,3D_RIGID_VTP,0102_0001_vtp.zip,3D,Rigid Wall,-,Time-Resolved,Surface (vtp),John F. LaDisa,-
0014_H_AO_COA,0014_H_AO_COA_3D_RIGID_VTU.zip,3D_RIGID_VTU,0102_0001_vtu.zip,3D,Rigid Wall,-,Time-Resolved,Volume (vtu),John F. LaDisa,-
0015_H_AO_COA,0015_H_AO_COA_3D_RIGID_VTP.zip,3D_RIGID_VTP,0103_0001_vtp.zip,3D,Rigid Wall,-,Time-Resolved,Surface (vtp),John F. LaDisa,-
0015_H_AO_COA,0015_H_AO_COA_3D_RIGID_VTU.zip,3D_RIGID_VTU,0103_0001_vtu.zip,3D,Rigid Wall,-,Time-Resolved,Volume (vtu),John F. LaDisa,-
0016_H_AO_COA,0016_H_AO_COA_3D_RIGID_VTP.zip,3D_RIGID_VTP,0104_0001_vtp.zip,3D,Rigid Wall,-,Time-Resolved,Surface (vtp),John F. LaDisa,-
0016_H_AO_COA,0016_H_AO_COA_3D_RIGID_VTU.zip,3D_RIGID_VTU,0104_0001_vtu.zip,3D,Rigid Wall,-,Time-Resolved,Volume (vtu),John F. LaDisa,-
0017_H_AO_COA,0017_H_AO_COA_3D_RIGID_VTP.zip,3D_RIGID_VTP,0105_0001_vtp.zip,3D,Rigid Wall,-,Time-Resolved,Surface (vtp),John F. LaDisa,-
0017_H_AO_COA,0017_H_AO_COA_3D_RIGID_VTU.zip,3D_RIGID_VTU,0105_0001_vtu.zip,3D,Rigid Wall,-,Time-Resolved,Volume (vtu),John F. LaDisa,-
0018_H_AO_COA,0018_H_AO_COA_3D_RIGID_VTP.zip,3D_RIGID_VTP,0106_0001_vtp.zip,3D,Rigid Wall,-,Time-Resolved,Surface (vtp),John F. LaDisa,-
0018_H_AO_COA,0018_H_AO_COA_3D_RIGID_VTU.zip,3D_RIGID_VTU,0106_0001_vtu.zip,3D,Rigid Wall,-,Time-Resolved,Volume (vtu),John F. LaDisa,-
0019_H_AO_COA,0019_H_AO_COA_3D_RIGID_VTP.zip,3D_RIGID_VTP,0107_0001_vtp.zip,3D,Rigid Wall,-,Time-Resolved,Surface (vtp),John F. LaDisa,-
0019_H_AO_COA,0019_H_AO_COA_3D_RIGID_VTU.zip,3D_RIGID_VTU,0107_0001_vtu.zip,3D,Rigid Wall,-,Time-Resolved,Volume (vtu),John F. LaDisa,-
0030_H_ABAO_H,0030_H_ABAO_H_3D_RIGID_VTP.zip,3D_RIGID_VTP,0110_0001_vtp.zip,3D,Rigid Wall,-,Time-Resolved,Surface (vtp),KCY Wang,-
0030_H_ABAO_H,0030_H_ABAO_H_3D_RIGID_VTU.zip,3D_RIGID_VTU,0110_0001_vtu.zip,3D,Rigid Wall,-,Time-Resolved,Volume (vtu),KCY Wang,-
0020_H_AO_COA,0020_H_AO_COA_3D_RIGID_VTP.zip,3D_RIGID_VTP,0111_0001_vtp.zip,3D,Rigid Wall,-,Time-Resolved,Surface (vtp),John F. LaDisa,-
0020_H_AO_COA,0020_H_AO_COA_3D_RIGID_VTU.zip,3D_RIGID_VTU,0111_0001_vtu.zip,3D,Rigid Wall,-,Time-Resolved,Volume (vtu),John F. LaDisa,-
0089_H_PULM_ALGS,0089_H_PULM_ALGS_3D_RIGID_VTP.zip,3D_RIGID_VTP,0118_1000_vtp.zip,3D,Rigid Wall,-,Time-Resolved,Surface (vtp),-,-
0089_H_PULM_ALGS,0089_H_PULM_ALGS_3D_RIGID_VTU.zip,3D_RIGID_VTU,0118_1000_vtu.zip,3D,Rigid Wall,-,Time-Resolved,Volume (vtu),-,-
0064_H_PULMFON_SVD,0064_H_PULMFON_SVD_3D_RIGID_VTP.zip,3D_RIGID_VTP,0125_0001_vtp.zip,3D,Rigid Wall,-,Time-Resolved,Surface (vtp),-,-
0064_H_PULMFON_SVD,0064_H_PULMFON_SVD_3D_RIGID_VTU.zip,3D_RIGID_VTU,0125_0001_vtu.zip,3D,Rigid Wall,-,Time-Resolved,Volume (vtu),-,-
0065_H_PULMFON_SVD,0065_H_PULMFON_SVD_3D_RIGID_VTP.zip,3D_RIGID_VTP,0126_0001_vtp.zip,3D,Rigid Wall,-,Time-Resolved,Surface (vtp),-,-
0065_H_PULMFON_SVD,0065_H_PULMFON_SVD_3D_RIGID_VTU.zip,3D_RIGID_VTU,0126_0001_vtu.zip,3D,Rigid Wall,-,Time-Resolved,Volume (vtu),-,-
0021_H_AO_MFS,0021_H_AO_MFS_3D_RIGID_VTP.zip,3D_RIGID_VTP,0129_0000_vtp.zip,3D,Rigid Wall,-,Time-Resolved,Surface (vtp),-,-
0021_H_AO_MFS,0021_H_AO_MFS_3D_RIGID_VTU.zip,3D_RIGID_VTU,0129_0000_vtu.zip,3D,Rigid Wall,-,Time-Resolved,Volume (vtu),-,-
0022_H_AO_MFS,0022_H_AO_MFS_3D_RIGID_VTP.zip,3D_RIGID_VTP,0130_0000_vtp.zip,3D,Rigid Wall,-,Time-Resolved,Surface (vtp),-,-
0022_H_AO_MFS,0022_H_AO_MFS_3D_RIGID_VTU.zip,3D_RIGID_VTU,0130_0000_vtu.zip,3D,Rigid Wall,-,Time-Resolved,Volume (vtu),-,-
0023_H_AO_MFS,0023_H_AO_MFS_3D_RIGID_VTP.zip,3D_RIGID_VTP,0131_0000_vtp.zip,3D,Rigid Wall,-,Time-Resolved,Surface (vtp),-,-
0023_H_AO_MFS,0023_H_AO_MFS_3D_RIGID_VTU.zip,3D_RIGID_VTU,0131_0000_vtu.zip,3D,Rigid Wall,-,Time-Resolved,Volume (vtu),-,-
0091_H_PULM_TOF,0091_H_PULM_TOF_3D_RIGID_VTP.zip,3D_RIGID_VTP,0134_0002_vtp.zip,3D,Rigid Wall,-,Time-Resolved,Surface (vtp),-,-
0091_H_PULM_TOF,0091_H_PULM_TOF_3D_RIGID_VTU.zip,3D_RIGID_VTU,0134_0002_vtu.zip,3D,Rigid Wall,-,Time-Resolved,Volume (vtu),-,-
0031_H_ABAO_AAA,0031_H_ABAO_AAA_3D_RIGID_VTP.zip,3D_RIGID_VTP,0138_1001_vtp.zip,3D,Rigid Wall,-,Time-Resolved,Surface (vtp),Ana K. Ortiz,-
0031_H_ABAO_AAA,0031_H_ABAO_AAA_3D_RIGID_VTU.zip,3D_RIGID_VTU,0138_1001_vtu.zip,3D,Rigid Wall,-,Time-Resolved,Volume (vtu),Ana K. Ortiz,-
0032_H_ABAO_AAA,0032_H_ABAO_AAA_3D_RIGID_VTP.zip,3D_RIGID_VTP,0139_1001_vtp.zip,3D,Rigid Wall,-,Time-Resolved,Surface (vtp),Ana K. Ortiz,-
0032_H_ABAO_AAA,0032_H_ABAO_AAA_3D_RIGID_VTU.zip,3D_RIGID_VTU,0139_1001_vtu.zip,3D,Rigid Wall,-,Time-Resolved,Volume (vtu),Ana K. Ortiz,-
0033_H_ABAO_AAA,0033_H_ABAO_AAA_3D_RIGID_VTP.zip,3D_RIGID_VTP,0140_2001_vtp.zip,3D,Rigid Wall,-,Time-Resolved,Surface (vtp),Ana K. Ortiz,-
0033_H_ABAO_AAA,0033_H_ABAO_AAA_3D_RIGID_VTU.zip,3D_RIGID_VTU,0140_2001_vtu.zip,3D,Rigid Wall,-,Time-Resolved,Volume (vtu),Ana K. Ortiz,-
0034_H_ABAO_AAA,0034_H_ABAO_AAA_3D_RIGID_VTP.zip,3D_RIGID_VTP,0141_1001_vtp.zip,3D,Rigid Wall,-,Time-Resolved,Surface (vtp),Ana K. Ortiz,-
0034_H_ABAO_AAA,0034_H_ABAO_AAA_3D_RIGID_VTU.zip,3D_RIGID_VTU,0141_1001_vtu.zip,3D,Rigid Wall,-,Time-Resolved,Volume (vtu),Ana K. Ortiz,-
0035_H_ABAO_AAA,0035_H_ABAO_AAA_3D_RIGID_VTP.zip,3D_RIGID_VTP,0142_1001_vtp.zip,3D,Rigid Wall,-,Time-Resolved,Surface (vtp),Ana K. Ortiz,-
0035_H_ABAO_AAA,0035_H_ABAO_AAA_3D_RIGID_VTU.zip,3D_RIGID_VTU,0142_1001_vtu.zip,3D,Rigid Wall,-,Time-Resolved,Volume (vtu),Ana K. Ortiz,-
0036_H_ABAO_AAA,0036_H_ABAO_AAA_3D_RIGID_VTP.zip,3D_RIGID_VTP,0144_1001_vtp.zip,3D,Rigid Wall,-,Time-Resolved,Surface (vtp),Ana K. Ortiz,-
0036_H_ABAO_AAA,0036_H_ABAO_AAA_3D_RIGID_VTU.zip,3D_RIGID_VTU,0144_1001_vtu.zip,3D,Rigid Wall,-,Time-Resolved,Volume (vtu),Ana K. Ortiz,-
0037_H_ABAO_AAA,0037_H_ABAO_AAA_3D_RIGID_VTP.zip,3D_RIGID_VTP,0145_1001_vtp.zip,3D,Rigid Wall,-,Time-Resolved,Surface (vtp),Ana K. Ortiz,-
0037_H_ABAO_AAA,0037_H_ABAO_AAA_3D_RIGID_VTU.zip,3D_RIGID_VTU,0145_1001_vtu.zip,3D,Rigid Wall,-,Time-Resolved,Volume (vtu),Ana K. Ortiz,-
0038_H_ABAO_AAA,0038_H_ABAO_AAA_3D_RIGID_VTP.zip,3D_RIGID_VTP,0146_1001_vtp.zip,3D,Rigid Wall,-,Time-Resolved,Surface (vtp),Ana K. Ortiz,-
0038_H_ABAO_AAA,0038_H_ABAO_AAA_3D_RIGID_VTU.zip,3D_RIGID_VTU,0146_1001_vtu.zip,3D,Rigid Wall,-,Time-Resolved,Volume (vtu),Ana K. Ortiz,-
0039_H_ABAO_AAA,0039_H_ABAO_AAA_3D_RIGID_VTP.zip,3D_RIGID_VTP,0147_1001_vtp.zip,3D,Rigid Wall,-,Time-Resolved,Surface (vtp),Ana K. Ortiz,-
0039_H_ABAO_AAA,0039_H_ABAO_AAA_3D_RIGID_VTU.zip,3D_RIGID_VTU,0147_1001_vtu.zip,3D,Rigid Wall,-,Time-Resolved,Volume (vtu),Ana K. Ortiz,-
0040_H_ABAO_AAA,0040_H_ABAO_AAA_3D_RIGID_VTP.zip,3D_RIGID_VTP,0148_1001_vtp.zip,3D,Rigid Wall,-,Time-Resolved,Surface (vtp),Ana K. Ortiz,-
0040_H_ABAO_AAA,0040_H_ABAO_AAA_3D_RIGID_VTU.zip,3D_RIGID_VTU,0148_1001_vtu.zip,3D,Rigid Wall,-,Time-Resolved,Volume (vtu),Ana K. Ortiz,-
0041_H_ABAO_AAA,0041_H_ABAO_AAA_3D_RIGID_VTP.zip,3D_RIGID_VTP,0149_1001_vtp.zip,3D,Rigid Wall,-,Time-Resolved,Surface (vtp),Ana K. Ortiz,-
0041_H_ABAO_AAA,0041_H_ABAO_AAA_3D_RIGID_VTU.zip,3D_RIGID_VTU,0149_1001_vtu.zip,3D,Rigid Wall,-,Time-Resolved,Volume (vtu),Ana K. Ortiz,-
0042_H_ABAO_AAA,0042_H_ABAO_AAA_3D_RIGID_VTP.zip,3D_RIGID_VTP,0150_0001_vtp.zip,3D,Rigid Wall,-,Time-Resolved,Surface (vtp),Ana K. Ortiz,-
0042_H_ABAO_AAA,0042_H_ABAO_AAA_3D_RIGID_VTU.zip,3D_RIGID_VTU,0150_0001_vtu.zip,3D,Rigid Wall,-,Time-Resolved,Volume (vtu),Ana K. Ortiz,-
0043_H_ABAO_AAA,0043_H_ABAO_AAA_3D_RIGID_VTP.zip,3D_RIGID_VTP,0151_0001_vtp.zip,3D,Rigid Wall,-,Time-Resolved,Surface (vtp),Ana K. Ortiz,-
0043_H_ABAO_AAA,0043_H_ABAO_AAA_3D_RIGID_VTU.zip,3D_RIGID_VTU,0151_0001_vtu.zip,3D,Rigid Wall,-,Time-Resolved,Volume (vtu),Ana K. Ortiz,-
0024_H_AO_H,0024_H_AO_H_3D_RIGID_VTP.zip,3D_RIGID_VTP,0154_0001_vtp.zip,3D,Rigid Wall,-,Time-Resolved,Surface (vtp),-,-
0024_H_AO_H,0024_H_AO_H_3D_RIGID_VTU.zip,3D_RIGID_VTU,0154_0001_vtu.zip,3D,Rigid Wall,-,Time-Resolved,Volume (vtu),-,-
0044_H_ABAO_AAA,0044_H_ABAO_AAA_3D_RIGID_VTP.zip,3D_RIGID_VTP,0156_0001_vtp.zip,3D,Rigid Wall,-,Time-Resolved,Surface (vtp),Ana K. Ortiz,-
0044_H_ABAO_AAA,0044_H_ABAO_AAA_3D_RIGID_VTU.zip,3D_RIGID_VTU,0156_0001_vtu.zip,3D,Rigid Wall,-,Time-Resolved,Volume (vtu),Ana K. Ortiz,-
0045_H_ABAO_AAA,0045_H_ABAO_AAA_3D_RIGID_VTP.zip,3D_RIGID_VTP,0157_0000_vtp.zip,3D,Rigid Wall,-,Time-Resolved,Surface (vtp),Ana K. Ortiz,-
0045_H_ABAO_AAA,0045_H_ABAO_AAA_3D_RIGID_VTU.zip,3D_RIGID_VTU,0157_0000_vtu.zip,3D,Rigid Wall,-,Time-Resolved,Volume (vtu),Ana K. Ortiz,-
0047_H_ABAO_AIOD,0047_H_ABAO_AIOD_3D_RIGID_VTP.zip,3D_RIGID_VTP,0161_0001_vtp.zip,3D,Rigid Wall,-,Time-Resolved,Surface (vtp),Nathan Wilson,-
0047_H_ABAO_AIOD,0047_H_ABAO_AIOD_3D_RIGID_VTU.zip,3D_RIGID_VTU,0161_0001_vtu.zip,3D,Rigid Wall,-,Time-Resolved,Volume (vtu),Nathan Wilson,-
0048_H_ABAO_AIOD,0048_H_ABAO_AIOD_3D_RIGID_VTP.zip,3D_RIGID_VTP,0162_3001_vtp.zip,3D,Rigid Wall,-,Time-Resolved,Surface (vtp),Nathan Wilson,-
0048_H_ABAO_AIOD,0048_H_ABAO_AIOD_3D_RIGID_VTU.zip,3D_RIGID_VTU,0162_3001_vtu.zip,3D,Rigid Wall,-,Time-Resolved,Volume (vtu),Nathan Wilson,-
0049_H_ABAO_AIOD,0049_H_ABAO_AIOD_3D_RIGID_VTP.zip,3D_RIGID_VTP,0163_0001_vtp.zip,3D,Rigid Wall,-,Time-Resolved,Surface (vtp),Nathan Wilson,-
0049_H_ABAO_AIOD,0049_H_ABAO_AIOD_3D_RIGID_VTU.zip,3D_RIGID_VTU,0163_0001_vtu.zip,3D,Rigid Wall,-,Time-Resolved,Volume (vtu),Nathan Wilson,-
0068_H_CORO_KD,0068_H_CORO_KD_3D_FSI_HYPER_VTP.zip,3D_FSI_HYPER_VTP,0172_0001_FSI_hyperemic_vtp.zip,3D,Fluid-Structure Interaction,Hyperemic,Time-Resolved,Surface (vtp),Karthik Menon,-
0068_H_CORO_KD,0068_H_CORO_KD_3D_FSI_HYPER_VTU.zip,3D_FSI_HYPER_VTU,0172_0001_FSI_hyperemic_vtu.zip,3D,Fluid-Structure Interaction,Hyperemic,Time-Resolved,Volume (vtu),Karthik Menon,-
0068_H_CORO_KD,0068_H_CORO_KD_3D_FSI_REST_VTP.zip,3D_FSI_REST_VTP,0172_0001_FSI_resting_vtp.zip,3D,Fluid-Structure Interaction,Resting,Time-Resolved,Surface (vtp),Karthik Menon,-
0068_H_CORO_KD,0068_H_CORO_KD_3D_FSI_REST_VTU.zip,3D_FSI_REST_VTU,0172_0001_FSI_resting_vtu.zip,3D,Fluid-Structure Interaction,Resting,Time-Resolved,Volume (vtu),Karthik Menon,-
0069_H_CORO_KD,0069_H_CORO_KD_3D_FSI_HYPER_VTP.zip,3D_FSI_HYPER_VTP,0173_1001_FSI_hyperemic_vtp.zip,3D,Fluid-Structure Interaction,Hyperemic,Time-Resolved,Surface (vtp),Karthik Menon,-
0069_H_CORO_KD,0069_H_CORO_KD_3D_FSI_HYPER_VTU.zip,3D_FSI_HYPER_VTU,0173_1001_FSI_hyperemic_vtu.zip,3D,Fluid-Structure Interaction,Hyperemic,Time-Resolved,Volume (vtu),Karthik Menon,-
0069_H_CORO_KD,0069_H_CORO_KD_3D_FSI_REST_VTP.zip,3D_FSI_REST_VTP,0173_1001_FSI_resting_vtp.zip,3D,Fluid-Structure Interaction,Resting,Time-Resolved,Surface (vtp),Karthik Menon,-
0069_H_CORO_KD,0069_H_CORO_KD_3D_FSI_REST_VTU.zip,3D_FSI_REST_VTU,0173_1001_FSI_resting_vtu.zip,3D,Fluid-Structure Interaction,Resting,Time-Resolved,Volume (vtu),Karthik Menon,-
0025_H_AO_MFS,0025_H_AO_MFS_3D_RIGID_VTP.zip,3D_RIGID_VTP,0174_0000_vtp.zip,3D,Rigid Wall,-,Time-Resolved,Surface (vtp),-,-
0025_H_AO_MFS,0025_H_AO_MFS_3D_RIGID_VTU.zip,3D_RIGID_VTU,0174_0000_vtu.zip,3D,Rigid Wall,-,Time-Resolved,Volume (vtu),-,-
0026_H_AO_MFS,0026_H_AO_MFS_3D_RIGID_VTP.zip,3D_RIGID_VTP,0175_0000_vtp.zip,3D,Rigid Wall,-,Time-Resolved,Surface (vtp),-,-
0026_H_AO_MFS,0026_H_AO_MFS_3D_RIGID_VTU.zip,3D_RIGID_VTU,0175_0000_vtu.zip,3D,Rigid Wall,-,Time-Resolved,Volume (vtu),-,-
0070_H_CORO_KD,0070_H_CORO_KD_3D_FSI_HYPER_VTP.zip,3D_FSI_HYPER_VTP,0183_1002_FSI_hyperemic_vtp.zip,3D,Fluid-Structure Interaction,Hyperemic,Time-Resolved,Surface (vtp),Karthik Menon,-
0070_H_CORO_KD,0070_H_CORO_KD_3D_FSI_HYPER_VTU.zip,3D_FSI_HYPER_VTU,0183_1002_FSI_hyperemic_vtu.zip,3D,Fluid-Structure Interaction,Hyperemic,Time-Resolved,Volume (vtu),Karthik Menon,-
0070_H_CORO_KD,0070_H_CORO_KD_3D_FSI_REST_VTP.zip,3D_FSI_REST_VTP,0183_1002_FSI_resting_vtp.zip,3D,Fluid-Structure Interaction,Resting,Time-Resolved,Surface (vtp),Karthik Menon,-
0070_H_CORO_KD,0070_H_CORO_KD_3D_FSI_REST_VTU.zip,3D_FSI_REST_VTU,0183_1002_FSI_resting_vtu.zip,3D,Fluid-Structure Interaction,Resting,Time-Resolved,Volume (vtu),Karthik Menon,-
0074_H_CORO_KD,0074_H_CORO_KD_3D_FSI_HYPER_VTP.zip,3D_FSI_HYPER_VTP,0187_0002_FSI_hyperemic_vtp.zip,3D,Fluid-Structure Interaction,Hyperemic,Time-Resolved,Surface (vtp),Karthik Menon,-
0074_H_CORO_KD,0074_H_CORO_KD_3D_FSI_HYPER_VTU.zip,3D_FSI_HYPER_VTU,0187_0002_FSI_hyperemic_vtu.zip,3D,Fluid-Structure Interaction,Hyperemic,Time-Resolved,Volume (vtu),Karthik Menon,-
0074_H_CORO_KD,0074_H_CORO_KD_3D_FSI_REST_VTP.zip,3D_FSI_REST_VTP,0187_0002_FSI_resting_vtp.zip,3D,Fluid-Structure Interaction,Resting,Time-Resolved,Surface (vtp),Karthik Menon,-
0074_H_CORO_KD,0074_H_CORO_KD_3D_FSI_REST_VTU.zip,3D_FSI_REST_VTU,0187_0002_FSI_resting_vtu.zip,3D,Fluid-Structure Interaction,Resting,Time-Resolved,Volume (vtu),Karthik Menon,-
0169_H_CORO_KD,0169_H_CORO_KD_3D_FSI_HYPER_VTP.zip,3D_FSI_HYPER_VTP,AKD3058_FSI_hyperemic_vtp.zip,3D,Fluid-Structure Interaction,Hyperemic,Time-Resolved,Surface (vtp),Karthik Menon,-
0169_H_CORO_KD,0169_H_CORO_KD_3D_FSI_HYPER_VTU.zip,3D_FSI_HYPER_VTU,AKD3058_FSI_hyperemic_vtu.zip,3D,Fluid-Structure Interaction,Hyperemic,Time-Resolved,Volume (vtu),Karthik Menon,-
0169_H_CORO_KD,0169_H_CORO_KD_3D_FSI_REST_VTP.zip,3D_FSI_REST_VTP,AKD3058_FSI_resting_vtp.zip,3D,Fluid-Structure Interaction,Resting,Time-Resolved,Surface (vtp),Karthik Menon,-
0169_H_CORO_KD,0169_H_CORO_KD_3D_FSI_REST_VTU.zip,3D_FSI_REST_VTU,AKD3058_FSI_resting_vtu.zip,3D,Fluid-Structure Interaction,Resting,Time-Resolved,Volume (vtu),Karthik Menon,-
0170_H_CORO_KD,0170_H_CORO_KD_3D_FSI_HYPER_VTP.zip,3D_FSI_HYPER_VTP,AKD3097_FSI_hyperemic_vtp.zip,3D,Fluid-Structure Interaction,Hyperemic,Time-Resolved,Surface (vtp),Karthik Menon,-
0170_H_CORO_KD,0170_H_CORO_KD_3D_FSI_HYPER_VTU.zip,3D_FSI_HYPER_VTU,AKD3097_FSI_hyperemic_vtu.zip,3D,Fluid-Structure Interaction,Hyperemic,Time-Resolved,Volume (vtu),Karthik Menon,-
0170_H_CORO_KD,0170_H_CORO_KD_3D_FSI_REST_VTP.zip,3D_FSI_REST_VTP,AKD3097_FSI_resting_vtp.zip,3D,Fluid-Structure Interaction,Resting,Time-Resolved,Surface (vtp),Karthik Menon,-
0170_H_CORO_KD,0170_H_CORO_KD_3D_FSI_REST_VTU.zip,3D_FSI_REST_VTU,AKD3097_FSI_resting_vtu.zip,3D,Fluid-Structure Interaction,Resting,Time-Resolved,Volume (vtu),Karthik Menon,-
0114_H_PULM_ALGS,0114_H_PULM_ALGS_3D_FSI_VTP.zip,3D_FSI_VTP,AS1_SU0308_prestent_vtp.zip,3D,Fluid-Structure Interaction,-,Time-Resolved,Surface (vtp),Ingrid Lan,"Simulation results include displacement, pressure, and velocity values at each timestep. \nSee \url(""http://www.doi.org/10.1161/JAHA.121.023532"", ""paper"") for more details."
0114_H_PULM_ALGS,0114_H_PULM_ALGS_3D_FSI_VTU.zip,3D_FSI_VTU,AS1_SU0308_prestent_vtu.zip,3D,Fluid-Structure Interaction,-,Time-Resolved,Volume (vtu),Ingrid Lan,"Simulation results include displacement, pressure, and velocity values at each timestep. \nSee \url(""http://www.doi.org/10.1161/JAHA.121.023532"", ""paper"") for more details."
0120_H_PULM_ALGS,0120_H_PULM_ALGS_3D_FSI_VTP.zip,3D_FSI_VTP,AS1_SU0308_stent_vtp.zip,3D,Fluid-Structure Interaction,-,Time-Resolved,Surface (vtp),Ingrid Lan,"Simulation results include displacement, pressure, and velocity values at each timestep. Includes results for both proximal and extensive stenting procedures. \nSee \url(""http://www.doi.org/10.1161/JAHA.121.023532"", ""paper"") for more details."
0120_H_PULM_ALGS,0120_H_PULM_ALGS_3D_FSI_VTU.zip,3D_FSI_VTU,AS1_SU0308_stent_vtu.zip,3D,Fluid-Structure Interaction,-,Time-Resolved,Volume (vtu),Ingrid Lan,"Simulation results include displacement, pressure, and velocity values at each timestep. Includes results for both proximal and extensive stenting procedures. \nSee \url(""http://www.doi.org/10.1161/JAHA.121.023532"", ""paper"") for more details."
0115_H_PULM_ALGS,0115_H_PULM_ALGS_3D_FSI_VTP.zip,3D_FSI_VTP,AS2_SU0313_prestent_vtp.zip,3D,Fluid-Structure Interaction,-,Time-Resolved,Surface (vtp),Ingrid Lan,"Simulation results include displacement, pressure, and velocity values at each timestep. \nSee \url(""http://www.doi.org/10.1161/JAHA.121.023532"", ""paper"") for more details."
0115_H_PULM_ALGS,0115_H_PULM_ALGS_3D_FSI_VTU.zip,3D_FSI_VTU,AS2_SU0313_prestent_vtu.zip,3D,Fluid-Structure Interaction,-,Time-Resolved,Volume (vtu),Ingrid Lan,"Simulation results include displacement, pressure, and velocity values at each timestep. \nSee \url(""http://www.doi.org/10.1161/JAHA.121.023532"", ""paper"") for more details."
0121_H_PULM_ALGS,0121_H_PULM_ALGS_3D_FSI_VTP.zip,3D_FSI_VTP,AS2_SU0313_stent_vtp.zip,3D,Fluid-Structure Interaction,-,Time-Resolved,Surface (vtp),Ingrid Lan,"Simulation results include displacement, pressure, and velocity values at each timestep. Includes results for both proximal and extensive stenting procedures. \nSee \url(""http://www.doi.org/10.1161/JAHA.121.023532"", ""paper"") for more details."
0121_H_PULM_ALGS,0121_H_PULM_ALGS_3D_FSI_VTU.zip,3D_FSI_VTU,AS2_SU0313_stent_vtu.zip,3D,Fluid-Structure Interaction,-,Time-Resolved,Volume (vtu),Ingrid Lan,"Simulation results include displacement, pressure, and velocity values at each timestep. Includes results for both proximal and extensive stenting procedures. \nSee \url(""http://www.doi.org/10.1161/JAHA.121.023532"", ""paper"") for more details."
0122_H_PULM_ALGS,0122_H_PULM_ALGS_3D_FSI_VTP.zip,3D_FSI_VTP,AS3_SU0238_stent_vtp.zip,3D,Fluid-Structure Interaction,-,Time-Resolved,Surface (vtp),Ingrid Lan,"Simulation results include displacement, pressure, and velocity values at each timestep. Includes results for both proximal and extensive stenting procedures. \nSee \url(""http://www.doi.org/10.1161/JAHA.121.023532"", ""paper"") for more details."
0122_H_PULM_ALGS,0122_H_PULM_ALGS_3D_FSI_VTU.zip,3D_FSI_VTU,AS3_SU0238_stent_vtu.zip,3D,Fluid-Structure Interaction,-,Time-Resolved,Volume (vtu),Ingrid Lan,"Simulation results include displacement, pressure, and velocity values at each timestep. Includes results for both proximal and extensive stenting procedures. \nSee \url(""http://www.doi.org/10.1161/JAHA.121.023532"", ""paper"") for more details."
0117_H_PULM_ALGS,0117_H_PULM_ALGS_3D_FSI_VTP.zip,3D_FSI_VTP,AS4_SU0287_prestent_vtp.zip,3D,Fluid-Structure Interaction,-,Time-Resolved,Surface (vtp),Ingrid Lan,"Simulation results include displacement, pressure, and velocity values at each timestep. \nSee \url(""http://www.doi.org/10.1161/JAHA.121.023532"", ""paper"") for more details."
0117_H_PULM_ALGS,0117_H_PULM_ALGS_3D_FSI_VTU.zip,3D_FSI_VTU,AS4_SU0287_prestent_vtu.zip,3D,Fluid-Structure Interaction,-,Time-Resolved,Volume (vtu),Ingrid Lan,"Simulation results include displacement, pressure, and velocity values at each timestep. \nSee \url(""http://www.doi.org/10.1161/JAHA.121.023532"", ""paper"") for more details."
0123_H_PULM_ALGS,0123_H_PULM_ALGS_3D_FSI_VTP.zip,3D_FSI_VTP,AS4_SU0287_stent_vtp.zip,3D,Fluid-Structure Interaction,-,Time-Resolved,Surface (vtp),Ingrid Lan,"Simulation results include displacement, pressure, and velocity values at each timestep. Includes results for both proximal and extensive stenting procedures. \nSee \url(""http://www.doi.org/10.1161/JAHA.121.023532"", ""paper"") for more details."
0123_H_PULM_ALGS,0123_H_PULM_ALGS_3D_FSI_VTU.zip,3D_FSI_VTU,AS4_SU0287_stent_vtu.zip,3D,Fluid-Structure Interaction,-,Time-Resolved,Volume (vtu),Ingrid Lan,"Simulation results include displacement, pressure, and velocity values at each timestep. Includes results for both proximal and extensive stenting procedures. \nSee \url(""http://www.doi.org/10.1161/JAHA.121.023532"", ""paper"") for more details."
0160_H_AO_AOD,0160_H_AO_AOD_3D_FSI_VTU.zip,3D_FSI_VTU,BMMB_AD_2020_vtu.zip,3D,Fluid-Structure Interaction,-,Time-Resolved,Volume (vtu),Kathrin Baumler,-
0171_H_CORO_KD,0171_H_CORO_KD_3D_FSI_HYPER_VTP.zip,3D_FSI_HYPER_VTP,KD1_FSI_hyperemic_vtp.zip,3D,Fluid-Structure Interaction,Hyperemic,Time-Resolved,Surface (vtp),Karthik Menon,-
0171_H_CORO_KD,0171_H_CORO_KD_3D_FSI_HYPER_VTU.zip,3D_FSI_HYPER_VTU,KD1_FSI_hyperemic_vtu.zip,3D,Fluid-Structure Interaction,Hyperemic,Time-Resolved,Volume (vtu),Karthik Menon,-
0171_H_CORO_KD,0171_H_CORO_KD_3D_FSI_REST_VTP.zip,3D_FSI_REST_VTP,KD1_FSI_resting_vtp.zip,3D,Fluid-Structure Interaction,Resting,Time-Resolved,Surface (vtp),Karthik Menon,-
0171_H_CORO_KD,0171_H_CORO_KD_3D_FSI_REST_VTU.zip,3D_FSI_REST_VTU,KD1_FSI_resting_vtu.zip,3D,Fluid-Structure Interaction,Resting,Time-Resolved,Volume (vtu),Karthik Menon,-
0172_H_CORO_KD,0172_H_CORO_KD_3D_FSI_HYPER_VTP.zip,3D_FSI_HYPER_VTP,KD9_FSI_hyperemic_vtp.zip,3D,Fluid-Structure Interaction,Hyperemic,Time-Resolved,Surface (vtp),Karthik Menon,-
0172_H_CORO_KD,0172_H_CORO_KD_3D_FSI_HYPER_VTU.zip,3D_FSI_HYPER_VTU,KD9_FSI_hyperemic_vtu.zip,3D,Fluid-Structure Interaction,Hyperemic,Time-Resolved,Volume (vtu),Karthik Menon,-
0136_H_CORO_KD,0136_H_CORO_KD_3D_FSI_VTP.zip,3D_FSI_VTP,KDR01_FSI_vtp.zip,3D,Fluid-Structure Interaction,-,Time-Resolved,Surface (vtp),Noelia Grande Gutierrez,-
0136_H_CORO_KD,0136_H_CORO_KD_3D_FSI_VTU.zip,3D_FSI_VTU,KDR01_FSI_vtu.zip,3D,Fluid-Structure Interaction,-,Time-Resolved,Volume (vtu),Noelia Grande Gutierrez,-
0136_H_CORO_KD,0136_H_CORO_KD_3D_RIGID_VTP.zip,3D_RIGID_VTP,KDR01_rigid_vtp.zip,3D,Rigid Wall,-,Time-Resolved,Surface (vtp),Noelia Grande Gutierrez,-
0136_H_CORO_KD,0136_H_CORO_KD_3D_RIGID_VTU.zip,3D_RIGID_VTU,KDR01_rigid_vtu.zip,3D,Rigid Wall,-,Time-Resolved,Volume (vtu),Noelia Grande Gutierrez,-
0139_H_CORO_KD,0139_H_CORO_KD_3D_FSI_VTP.zip,3D_FSI_VTP,KDR12_FSI_vtp.zip,3D,Fluid-Structure Interaction,-,Time-Resolved,Surface (vtp),Noelia Grande Gutierrez,-
0139_H_CORO_KD,0139_H_CORO_KD_3D_FSI_VTU.zip,3D_FSI_VTU,KDR12_FSI_vtu.zip,3D,Fluid-Structure Interaction,-,Time-Resolved,Volume (vtu),Noelia Grande Gutierrez,-
0139_H_CORO_KD,0139_H_CORO_KD_3D_RIGID_VTP.zip,3D_RIGID_VTP,KDR12_rigid_vtp.zip,3D,Rigid Wall,-,Time-Resolved,Surface (vtp),Noelia Grande Gutierrez,-
0139_H_CORO_KD,0139_H_CORO_KD_3D_RIGID_VTU.zip,3D_RIGID_VTU,KDR12_rigid_vtu.zip,3D,Rigid Wall,-,Time-Resolved,Volume (vtu),Noelia Grande Gutierrez,-
0140_H_CORO_KD,0140_H_CORO_KD_3D_FSI_VTP.zip,3D_FSI_VTP,KDR13_FSI_vtp.zip,3D,Fluid-Structure Interaction,-,Time-Resolved,Surface (vtp),Noelia Grande Gutierrez,-
0140_H_CORO_KD,0140_H_CORO_KD_3D_FSI_VTU.zip,3D_FSI_VTU,KDR13_FSI_vtu.zip,3D,Fluid-Structure Interaction,-,Time-Resolved,Volume (vtu),Noelia Grande Gutierrez,-
0140_H_CORO_KD,0140_H_CORO_KD_3D_RIGID_VTP.zip,3D_RIGID_VTP,KDR13_rigid_vtp.zip,3D,Rigid Wall,-,Time-Resolved,Surface (vtp),Noelia Grande Gutierrez,-
0140_H_CORO_KD,0140_H_CORO_KD_3D_RIGID_VTU.zip,3D_RIGID_VTU,KDR13_rigid_vtu.zip,3D,Rigid Wall,-,Time-Resolved,Volume (vtu),Noelia Grande Gutierrez,-
0141_H_CORO_KD,0141_H_CORO_KD_3D_FSI_VTP.zip,3D_FSI_VTP,KDR32_FSI_vtp.zip,3D,Fluid-Structure Interaction,-,Time-Resolved,Surface (vtp),Noelia Grande Gutierrez,-
0141_H_CORO_KD,0141_H_CORO_KD_3D_FSI_VTU.zip,3D_FSI_VTU,KDR32_FSI_vtu.zip,3D,Fluid-Structure Interaction,-,Time-Resolved,Volume (vtu),Noelia Grande Gutierrez,-
0141_H_CORO_KD,0141_H_CORO_KD_3D_RIGID_VTP.zip,3D_RIGID_VTP,KDR32_rigid_vtp.zip,3D,Rigid Wall,-,Time-Resolved,Surface (vtp),Noelia Grande Gutierrez,-
0141_H_CORO_KD,0141_H_CORO_KD_3D_RIGID_VTU.zip,3D_RIGID_VTU,KDR32_rigid_vtu.zip,3D,Rigid Wall,-,Time-Resolved,Volume (vtu),Noelia Grande Gutierrez,-
0142_H_CORO_KD,0142_H_CORO_KD_3D_FSI_VTP.zip,3D_FSI_VTP,KDR33_FSI_vtp.zip,3D,Fluid-Structure Interaction,-,Time-Resolved,Surface (vtp),Noelia Grande Gutierrez,-
0142_H_CORO_KD,0142_H_CORO_KD_3D_FSI_VTU.zip,3D_FSI_VTU,KDR33_FSI_vtu.zip,3D,Fluid-Structure Interaction,-,Time-Resolved,Volume (vtu),Noelia Grande Gutierrez,-
0143_H_CORO_KD,0143_H_CORO_KD_3D_FSI_VTP.zip,3D_FSI_VTP,KDR34_FSI_vtp.zip,3D,Fluid-Structure Interaction,-,Time-Resolved,Surface (vtp),Noelia Grande Gutierrez,-
0143_H_CORO_KD,0143_H_CORO_KD_3D_FSI_VTU.zip,3D_FSI_VTU,KDR34_FSI_vtu.zip,3D,Fluid-Structure Interaction,-,Time-Resolved,Volume (vtu),Noelia Grande Gutierrez,-
0143_H_CORO_KD,0143_H_CORO_KD_3D_RIGID_VTP.zip,3D_RIGID_VTP,KDR34_rigid_vtp.zip,3D,Rigid Wall,-,Time-Resolved,Surface (vtp),Noelia Grande Gutierrez,-
0143_H_CORO_KD,0143_H_CORO_KD_3D_RIGID_VTU.zip,3D_RIGID_VTU,KDR34_rigid_vtu.zip,3D,Rigid Wall,-,Time-Resolved,Volume (vtu),Noelia Grande Gutierrez,-
0144_H_CORO_KD,0144_H_CORO_KD_3D_FSI_VTP.zip,3D_FSI_VTP,KDR48_FSI_vtp.zip,3D,Fluid-Structure Interaction,-,Time-Resolved,Surface (vtp),Noelia Grande Gutierrez,-
0144_H_CORO_KD,0144_H_CORO_KD_3D_FSI_VTU.zip,3D_FSI_VTU,KDR48_FSI_vtu.zip,3D,Fluid-Structure Interaction,-,Time-Resolved,Volume (vtu),Noelia Grande Gutierrez,-
0144_H_CORO_KD,0144_H_CORO_KD_3D_RIGID_VTP.zip,3D_RIGID_VTP,KDR48_rigid_vtp.zip,3D,Rigid Wall,-,Time-Resolved,Surface (vtp),Noelia Grande Gutierrez,-
0144_H_CORO_KD,0144_H_CORO_KD_3D_RIGID_VTU.zip,3D_RIGID_VTU,KDR48_rigid_vtu.zip,3D,Rigid Wall,-,Time-Resolved,Volume (vtu),Noelia Grande Gutierrez,-
0145_H_CORO_KD,0145_H_CORO_KD_3D_FSI_VTP.zip,3D_FSI_VTP,KDR57_FSI_vtp.zip,3D,Fluid-Structure Interaction,-,Time-Resolved,Surface (vtp),Noelia Grande Gutierrez,-
0145_H_CORO_KD,0145_H_CORO_KD_3D_FSI_VTU.zip,3D_FSI_VTU,KDR57_FSI_vtu.zip,3D,Fluid-Structure Interaction,-,Time-Resolved,Volume (vtu),Noelia Grande Gutierrez,-
0145_H_CORO_KD,0145_H_CORO_KD_3D_RIGID_VTP.zip,3D_RIGID_VTP,KDR57_rigid_vtp.zip,3D,Rigid Wall,-,Time-Resolved,Surface (vtp),Noelia Grande Gutierrez,-
0145_H_CORO_KD,0145_H_CORO_KD_3D_RIGID_VTU.zip,3D_RIGID_VTU,KDR57_rigid_vtu.zip,3D,Rigid Wall,-,Time-Resolved,Volume (vtu),Noelia Grande Gutierrez,-
0146_H_CORO_SVGD,0146_H_CORO_SVGD_3D_FSI_VTP.zip,3D_FSI_VTP,O0171SC_pre_stenosis_vtp.zip,3D,Fluid-Structure Interaction,-,Average-Value,Surface (vtp),Owais Khan,"Model of a patient who received a saphenous vein graft (SVG) for coronary artery bypass graft (CABG) surgery. Simulation results only include a pre-stent version of the model. \nSee \url(""https://doi.org/10.1007/s12265-020-09982-7"", ""paper"") for more details."
0149_H_CORO_SVGD,0149_H_CORO_SVGD_3D_FSI_VTP.zip,3D_FSI_VTP,"O11908_pre_stenosis_vtp.zip, O11908_with_stenosis_vtp.zip",3D,Fluid-Structure Interaction,-,Average-Value,Surface (vtp),Owais Khan,"Model of a patient who received a saphenous vein graft (SVG) for coronary artery bypass graft (CABG) surgery. Simulation results include both a pre-stent version and a with-stent version of the model. \nSee \url(""https://doi.org/10.1007/s12265-020-09982-7"", ""paper"") for more details."
0158_H_CORO_SVGD,0158_H_CORO_SVGD_3D_FSI_VTP.zip,3D_FSI_VTP,O128301_2008_pre_stenosis_vtp.zip,3D,Fluid-Structure Interaction,-,Average-Value,Surface (vtp),Owais Khan,"Model of a patient who received a saphenous vein graft (SVG) for coronary artery bypass graft (CABG) surgery. Simulation results only include a pre-stent version of the model. \nSee \url(""https://doi.org/10.1007/s12265-020-09982-7"", ""paper"") for more details."
0152_H_CORO_SVGD,0152_H_CORO_SVGD_3D_FSI_VTP.zip,3D_FSI_VTP,O145207_pre_stenosis_vtp.zip,3D,Fluid-Structure Interaction,-,Average-Value,Surface (vtp),Owais Khan,"Model of a patient who received a saphenous vein graft (SVG) for coronary artery bypass graft (CABG) surgery. Simulation results only include a pre-stent version of the model. \nSee \url(""https://doi.org/10.1007/s12265-020-09982-7"", ""paper"") for more details."
0153_H_CORO_SVGD,0153_H_CORO_SVGD_3D_FSI_VTP.zip,3D_FSI_VTP,"O150323_2009_pre_stenosis_vtp.zip, O150323_2009_with_stenosis_vtp.zip",3D,Fluid-Structure Interaction,-,Average-Value,Surface (vtp),Owais Khan,"Model of a patient who received a saphenous vein graft (SVG) for coronary artery bypass graft (CABG) surgery. Simulation results include both a pre-stent version and a with-stent version of the model. \nSee \url(""https://doi.org/10.1007/s12265-020-09982-7"", ""paper"") for more details."
0150_H_CORO_SVGD,0150_H_CORO_SVGD_3D_FSI_VTP.zip,3D_FSI_VTP,"O20719_2006_pre_stenosis_vtp.zip, O20719_2006_with_stenosis_vtp.zip",3D,Fluid-Structure Interaction,-,Average-Value,Surface (vtp),Owais Khan,"Model of a patient who received a saphenous vein graft (SVG) for coronary artery bypass graft (CABG) surgery. Simulation results include both a pre-stent version and a with-stent version of the model. \nSee \url(""https://doi.org/10.1007/s12265-020-09982-7"", ""paper"") for more details."
0154_H_CORO_SVGD,0154_H_CORO_SVGD_3D_FSI_VTP.zip,3D_FSI_VTP,O227241_2006_pre_stenosis_vtp.zip,3D,Fluid-Structure Interaction,-,Average-Value,Surface (vtp),Owais Khan,"Model of a patient who received a saphenous vein graft (SVG) for coronary artery bypass graft (CABG) surgery. Simulation results only include a pre-stent version of the model. \nSee \url(""https://doi.org/10.1007/s12265-020-09982-7"", ""paper"") for more details."
0157_H_CORO_SVGD,0157_H_CORO_SVGD_3D_FSI_VTP.zip,3D_FSI_VTP,"O344211000_2006_pre_stenosis_vtp.zip, O344211000_2006_with_stenosis_vtp.zip",3D,Fluid-Structure Interaction,-,Average-Value,Surface (vtp),Owais Khan,"Model of a patient who received a saphenous vein graft (SVG) for coronary artery bypass graft (CABG) surgery. Simulation results include both a pre-stent version and a with-stent version of the model. \nSee \url(""https://doi.org/10.1007/s12265-020-09982-7"", ""paper"") for more details."
0155_H_CORO_SVGD,0155_H_CORO_SVGD_3D_FSI_VTP.zip,3D_FSI_VTP,O351095_2016_pre_stenosis_vtp.zip,3D,Fluid-Structure Interaction,-,Average-Value,Surface (vtp),Owais Khan,"Model of a patient who received a saphenous vein graft (SVG) for coronary artery bypass graft (CABG) surgery. Simulation results only include a pre-stent version of the model. \nSee \url(""https://doi.org/10.1007/s12265-020-09982-7"", ""paper"") for more details."
0151_H_CORO_SVGD,0151_H_CORO_SVGD_3D_FSI_VTP.zip,3D_FSI_VTP,O51001_2009_pre_stenosis_vtp.zip,3D,Fluid-Structure Interaction,-,Average-Value,Surface (vtp),Owais Khan,"Model of a patient who received a saphenous vein graft (SVG) for coronary artery bypass graft (CABG) surgery. Simulation results only include a pre-stent version of the model. \nSee \url(""https://doi.org/10.1007/s12265-020-09982-7"", ""paper"") for more details."
0156_H_CORO_SVGD,0156_H_CORO_SVGD_3D_FSI_VTP.zip,3D_FSI_VTP,"O683375_2005_pre_stenosis_vtp.zip, O683375_2005_with_stenosis_vtp.zip",3D,Fluid-Structure Interaction,-,Average-Value,Surface (vtp),Owais Khan,"Model of a patient who received a saphenous vein graft (SVG) for coronary artery bypass graft (CABG) surgery. Simulation results include both a pre-stent version and a with-stent version of the model. \nSee \url(""https://doi.org/10.1007/s12265-020-09982-7"", ""paper"") for more details."
0159_H_CORO_SVGD,0159_H_CORO_SVGD_3D_FSI_VTP.zip,3D_FSI_VTP,O690801_2007_pre_stenosis_vtp.zip,3D,Fluid-Structure Interaction,-,Average-Value,Surface (vtp),Owais Khan,"Model of a patient who received a saphenous vein graft (SVG) for coronary artery bypass graft (CABG) surgery. Simulation results only include a pre-stent version of the model. \nSee \url(""https://doi.org/10.1007/s12265-020-09982-7"", ""paper"") for more details."
0148_H_CORO_SVGD,0148_H_CORO_SVGD_3D_FSI_VTP.zip,3D_FSI_VTP,"O8963SC_pre_stenosis_vtp.zip, O8963SC_with_stenosis_vtp.zip",3D,Fluid-Structure Interaction,-,Average-Value,Surface (vtp),Owais Khan,"Model of a patient who received a saphenous vein graft (SVG) for coronary artery bypass graft (CABG) surgery. Simulation results include both a pre-stent version and a with-stent version of the model. \nSee \url(""https://doi.org/10.1007/s12265-020-09982-7"", ""paper"") for more details."
0173_H_CORO_KD,0173_H_CORO_KD_3D_FSI_HYPER_VTP.zip,3D_FSI_HYPER_VTP,RCKD23_FSI_hyperemic_vtp.zip,3D,Fluid-Structure Interaction,Hyperemic,Time-Resolved,Surface (vtp),Karthik Menon,-
0173_H_CORO_KD,0173_H_CORO_KD_3D_FSI_HYPER_VTU.zip,3D_FSI_HYPER_VTU,RCKD23_FSI_hyperemic_vtu.zip,3D,Fluid-Structure Interaction,Hyperemic,Time-Resolved,Volume (vtu),Karthik Menon,-
0173_H_CORO_KD,0173_H_CORO_KD_3D_FSI_REST_VTP.zip,3D_FSI_REST_VTP,RCKD23_FSI_resting_vtp.zip,3D,Fluid-Structure Interaction,Resting,Time-Resolved,Surface (vtp),Karthik Menon,-
0173_H_CORO_KD,0173_H_CORO_KD_3D_FSI_REST_VTU.zip,3D_FSI_REST_VTU,RCKD23_FSI_resting_vtu.zip,3D,Fluid-Structure Interaction,Resting,Time-Resolved,Volume (vtu),Karthik Menon,-
0174_H_CORO_KD,0174_H_CORO_KD_3D_FSI_HYPER_VTP.zip,3D_FSI_HYPER_VTP,RCKD24_FSI_hyperemic_vtp.zip,3D,Fluid-Structure Interaction,Hyperemic,Time-Resolved,Surface (vtp),Karthik Menon,-
0174_H_CORO_KD,0174_H_CORO_KD_3D_FSI_HYPER_VTU.zip,3D_FSI_HYPER_VTU,RCKD24_FSI_hyperemic_vtu.zip,3D,Fluid-Structure Interaction,Hyperemic,Time-Resolved,Volume (vtu),Karthik Menon,-
0174_H_CORO_KD,0174_H_CORO_KD_3D_FSI_REST_VTP.zip,3D_FSI_REST_VTP,RCKD24_FSI_resting_vtp.zip,3D,Fluid-Structure Interaction,Resting,Time-Resolved,Surface (vtp),Karthik Menon,-
0174_H_CORO_KD,0174_H_CORO_KD_3D_FSI_REST_VTU.zip,3D_FSI_REST_VTU,RCKD24_FSI_resting_vtu.zip,3D,Fluid-Structure Interaction,Resting,Time-Resolved,Volume (vtu),Karthik Menon,-
0175_H_CORO_KD,0175_H_CORO_KD_3D_FSI_HYPER_VTP.zip,3D_FSI_HYPER_VTP,RCKD25_FSI_hyperemic_vtp.zip,3D,Fluid-Structure Interaction,Hyperemic,Time-Resolved,Surface (vtp),Karthik Menon,-
0175_H_CORO_KD,0175_H_CORO_KD_3D_FSI_HYPER_VTU.zip,3D_FSI_HYPER_VTU,RCKD25_FSI_hyperemic_vtu.zip,3D,Fluid-Structure Interaction,Hyperemic,Time-Resolved,Volume (vtu),Karthik Menon,-
0175_H_CORO_KD,0175_H_CORO_KD_3D_FSI_REST_VTP.zip,3D_FSI_REST_VTP,RCKD25_FSI_resting_vtp.zip,3D,Fluid-Structure Interaction,Resting,Time-Resolved,Surface (vtp),Karthik Menon,-
0175_H_CORO_KD,0175_H_CORO_KD_3D_FSI_REST_VTU.zip,3D_FSI_REST_VTU,RCKD25_FSI_resting_vtu.zip,3D,Fluid-Structure Interaction,Resting,Time-Resolved,Volume (vtu),Karthik Menon,-
0176_H_CORO_KD,0176_H_CORO_KD_3D_FSI_HYPER_VTP.zip,3D_FSI_HYPER_VTP,RCKD26_FSI_hyperemic_vtp.zip,3D,Fluid-Structure Interaction,Hyperemic,Time-Resolved,Surface (vtp),Karthik Menon,-
0176_H_CORO_KD,0176_H_CORO_KD_3D_FSI_HYPER_VTU.zip,3D_FSI_HYPER_VTU,RCKD26_FSI_hyperemic_vtu.zip,3D,Fluid-Structure Interaction,Hyperemic,Time-Resolved,Volume (vtu),Karthik Menon,-
0176_H_CORO_KD,0176_H_CORO_KD_3D_FSI_REST_VTP.zip,3D_FSI_REST_VTP,RCKD26_FSI_resting_vtp.zip,3D,Fluid-Structure Interaction,Resting,Time-Resolved,Surface (vtp),Karthik Menon,-
0176_H_CORO_KD,0176_H_CORO_KD_3D_FSI_REST_VTU.zip,3D_FSI_REST_VTU,RCKD26_FSI_resting_vtu.zip,3D,Fluid-Structure Interaction,Resting,Time-Resolved,Volume (vtu),Karthik Menon,-
0177_H_CORO_KD,0177_H_CORO_KD_3D_FSI_HYPER_VTP.zip,3D_FSI_HYPER_VTP,RCKD27_FSI_hyperemic_vtp.zip,3D,Fluid-Structure Interaction,Hyperemic,Time-Resolved,Surface (vtp),Karthik Menon,-
0177_H_CORO_KD,0177_H_CORO_KD_3D_FSI_HYPER_VTU.zip,3D_FSI_HYPER_VTU,RCKD27_FSI_hyperemic_vtu.zip,3D,Fluid-Structure Interaction,Hyperemic,Time-Resolved,Volume (vtu),Karthik Menon,-
0177_H_CORO_KD,0177_H_CORO_KD_3D_FSI_REST_VTP.zip,3D_FSI_REST_VTP,RCKD27_FSI_resting_vtp.zip,3D,Fluid-Structure Interaction,Resting,Time-Resolved,Surface (vtp),Karthik Menon,-
0177_H_CORO_KD,0177_H_CORO_KD_3D_FSI_REST_VTU.zip,3D_FSI_REST_VTU,RCKD27_FSI_resting_vtu.zip,3D,Fluid-Structure Interaction,Resting,Time-Resolved,Volume (vtu),Karthik Menon,-
0178_H_CORO_KD,0178_H_CORO_KD_3D_FSI_HYPER_VTP.zip,3D_FSI_HYPER_VTP,RCKD28_FSI_hyperemic_vtp.zip,3D,Fluid-Structure Interaction,Hyperemic,Time-Resolved,Surface (vtp),Karthik Menon,-
0178_H_CORO_KD,0178_H_CORO_KD_3D_FSI_HYPER_VTU.zip,3D_FSI_HYPER_VTU,RCKD28_FSI_hyperemic_vtu.zip,3D,Fluid-Structure Interaction,Hyperemic,Time-Resolved,Volume (vtu),Karthik Menon,-
0178_H_CORO_KD,0178_H_CORO_KD_3D_FSI_REST_VTP.zip,3D_FSI_REST_VTP,RCKD28_FSI_resting_vtp.zip,3D,Fluid-Structure Interaction,Resting,Time-Resolved,Surface (vtp),Karthik Menon,-
0178_H_CORO_KD,0178_H_CORO_KD_3D_FSI_REST_VTU.zip,3D_FSI_REST_VTU,RCKD28_FSI_resting_vtu.zip,3D,Fluid-Structure Interaction,Resting,Time-Resolved,Volume (vtu),Karthik Menon,-
0130_H_PULM_PAH,0130_H_PULM_PAH_3D_FSI_VTP.zip,3D_FSI_VTP,SU0187_FSI_vtp.zip,3D,Fluid-Structure Interaction,-,Average-Value,Surface (vtp),Weiguang Yang,-
0130_H_PULM_PAH,0130_H_PULM_PAH_3D_FSI_VTU.zip,3D_FSI_VTU,SU0187_FSI_vtu.zip,3D,Fluid-Structure Interaction,-,Average-Value,Volume (vtu),Weiguang Yang,-
0131_H_PULM_PAH,0131_H_PULM_PAH_3D_FSI_VTP.zip,3D_FSI_VTP,SU0197_FSI_vtp.zip,3D,Fluid-Structure Interaction,-,Average-Value,Surface (vtp),Weiguang Yang,-
0131_H_PULM_PAH,0131_H_PULM_PAH_3D_FSI_VTU.zip,3D_FSI_VTU,SU0197_FSI_vtu.zip,3D,Fluid-Structure Interaction,-,Average-Value,Volume (vtu),Weiguang Yang,-
0132_H_PULM_PAH,0132_H_PULM_PAH_3D_FSI_VTP.zip,3D_FSI_VTP,SU0201_FSI_vtp.zip,3D,Fluid-Structure Interaction,-,Average-Value,Surface (vtp),Weiguang Yang,-
0132_H_PULM_PAH,0132_H_PULM_PAH_3D_FSI_VTU.zip,3D_FSI_VTU,SU0201_FSI_vtu.zip,3D,Fluid-Structure Interaction,-,Average-Value,Volume (vtu),Weiguang Yang,-
0126_H_PULM_PAH,0126_H_PULM_PAH_3D_FSI_VTP.zip,3D_FSI_VTP,SU0206_FSI_vtp.zip,3D,Fluid-Structure Interaction,-,Average-Value,Surface (vtp),Weiguang Yang,-
0126_H_PULM_PAH,0126_H_PULM_PAH_3D_FSI_VTU.zip,3D_FSI_VTU,SU0206_FSI_vtu.zip,3D,Fluid-Structure Interaction,-,Average-Value,Volume (vtu),Weiguang Yang,-
0127_H_PULM_PAH,0127_H_PULM_PAH_3D_FSI_VTP.zip,3D_FSI_VTP,SU0207_FSI_vtp.zip,3D,Fluid-Structure Interaction,-,Average-Value,Surface (vtp),Weiguang Yang,-
0127_H_PULM_PAH,0127_H_PULM_PAH_3D_FSI_VTU.zip,3D_FSI_VTU,SU0207_FSI_vtu.zip,3D,Fluid-Structure Interaction,-,Average-Value,Volume (vtu),Weiguang Yang,-
0128_H_PULM_PAH,0128_H_PULM_PAH_3D_FSI_VTP.zip,3D_FSI_VTP,SU0208_FSI_vtp.zip,3D,Fluid-Structure Interaction,-,Average-Value,Surface (vtp),Weiguang Yang,-
0128_H_PULM_PAH,0128_H_PULM_PAH_3D_FSI_VTU.zip,3D_FSI_VTU,SU0208_FSI_vtu.zip,3D,Fluid-Structure Interaction,-,Average-Value,Volume (vtu),Weiguang Yang,-
0133_H_PULM_PAH,0133_H_PULM_PAH_3D_FSI_VTP.zip,3D_FSI_VTP,SU0230_FSI_vtp.zip,3D,Fluid-Structure Interaction,-,Average-Value,Surface (vtp),Weiguang Yang,-
0133_H_PULM_PAH,0133_H_PULM_PAH_3D_FSI_VTU.zip,3D_FSI_VTU,SU0230_FSI_vtu.zip,3D,Fluid-Structure Interaction,-,Average-Value,Volume (vtu),Weiguang Yang,-
0134_H_PULM_PAH,0134_H_PULM_PAH_3D_FSI_VTP.zip,3D_FSI_VTP,SU0232_FSI_vtp.zip,3D,Fluid-Structure Interaction,-,Average-Value,Surface (vtp),Weiguang Yang,-
0134_H_PULM_PAH,0134_H_PULM_PAH_3D_FSI_VTU.zip,3D_FSI_VTU,SU0232_FSI_vtu.zip,3D,Fluid-Structure Interaction,-,Average-Value,Volume (vtu),Weiguang Yang,-
0135_H_PULM_PAH,0135_H_PULM_PAH_3D_FSI_VTP.zip,3D_FSI_VTP,SU0240_FSI_vtp.zip,3D,Fluid-Structure Interaction,-,Average-Value,Surface (vtp),Weiguang Yang,-
0135_H_PULM_PAH,0135_H_PULM_PAH_3D_FSI_VTU.zip,3D_FSI_VTU,SU0240_FSI_vtu.zip,3D,Fluid-Structure Interaction,-,Average-Value,Volume (vtu),Weiguang Yang,-
0129_H_PULM_PAH,0129_H_PULM_PAH_3D_FSI_VTP.zip,3D_FSI_VTP,SU0261_FSI_vtp.zip,3D,Fluid-Structure Interaction,-,Average-Value,Surface (vtp),Weiguang Yang,-
0129_H_PULM_PAH,0129_H_PULM_PAH_3D_FSI_VTU.zip,3D_FSI_VTU,SU0261_FSI_vtu.zip,3D,Fluid-Structure Interaction,-,Average-Value,Volume (vtu),Weiguang Yang,-
0118_H_PULM_WS,0118_H_PULM_WS_3D_FSI_VTP.zip,3D_FSI_VTP,WS1_SU0267_prestent_vtp.zip,3D,Fluid-Structure Interaction,-,Time-Resolved,Surface (vtp),Ingrid Lan,"Simulation results include displacement, pressure, and velocity values at each timestep. \nSee \url(""http://www.doi.org/10.1161/JAHA.121.023532"", ""paper"") for more details."
0118_H_PULM_WS,0118_H_PULM_WS_3D_FSI_VTU.zip,3D_FSI_VTU,WS1_SU0267_prestent_vtu.zip,3D,Fluid-Structure Interaction,-,Time-Resolved,Volume (vtu),Ingrid Lan,"Simulation results include displacement, pressure, and velocity values at each timestep. \nSee \url(""http://www.doi.org/10.1161/JAHA.121.023532"", ""paper"") for more details."
0124_H_PULM_WS,0124_H_PULM_WS_3D_FSI_VTP.zip,3D_FSI_VTP,WS1_SU0267_stent_vtp.zip,3D,Fluid-Structure Interaction,-,Time-Resolved,Surface (vtp),Ingrid Lan,"Simulation results include displacement, pressure, and velocity values at each timestep. Includes results for both proximal and extensive stenting procedures. \nSee \url(""http://www.doi.org/10.1161/JAHA.121.023532"", ""paper"") for more details."
0124_H_PULM_WS,0124_H_PULM_WS_3D_FSI_VTU.zip,3D_FSI_VTU,WS1_SU0267_stent_vtu.zip,3D,Fluid-Structure Interaction,-,Time-Resolved,Volume (vtu),Ingrid Lan,"Simulation results include displacement, pressure, and velocity values at each timestep. Includes results for both proximal and extensive stenting procedures. \nSee \url(""http://www.doi.org/10.1161/JAHA.121.023532"", ""paper"") for more details."
0119_H_PULM_WS,0119_H_PULM_WS_3D_FSI_VTP.zip,3D_FSI_VTP,WS2_SU0269_prestent_vtp.zip,3D,Fluid-Structure Interaction,-,Time-Resolved,Surface (vtp),Ingrid Lan,"Simulation results include displacement, pressure, and velocity values at each timestep. \nSee \url(""http://www.doi.org/10.1161/JAHA.121.023532"", ""paper"") for more details."
0119_H_PULM_WS,0119_H_PULM_WS_3D_FSI_VTU.zip,3D_FSI_VTU,WS2_SU0269_prestent_vtu.zip,3D,Fluid-Structure Interaction,-,Time-Resolved,Volume (vtu),Ingrid Lan,"Simulation results include displacement, pressure, and velocity values at each timestep. \nSee \url(""http://www.doi.org/10.1161/JAHA.121.023532"", ""paper"") for more details."
0125_H_PULM_WS,0125_H_PULM_WS_3D_FSI_VTP.zip,3D_FSI_VTP,WS2_SU0269_stent_vtp.zip,3D,Fluid-Structure Interaction,-,Time-Resolved,Surface (vtp),Ingrid Lan,"Simulation results include displacement, pressure, and velocity values at each timestep. Includes results for both proximal and extensive stenting procedures. \nSee \url(""http://www.doi.org/10.1161/JAHA.121.023532"", ""paper"") for more details."
0125_H_PULM_WS,0125_H_PULM_WS_3D_FSI_VTU.zip,3D_FSI_VTU,WS2_SU0269_stent_vtu.zip,3D,Fluid-Structure Interaction,-,Time-Resolved,Volume (vtu),Ingrid Lan,"Simulation results include displacement, pressure, and velocity values at each timestep. Includes results for both proximal and extensive stenting procedures. \nSee \url(""http://www.doi.org/10.1161/JAHA.121.023532"", ""paper"") for more details."